{"cameraMode":{"drawMode":0,"name":"Shaded","section":"Shading Mode"},"sceneLighting":false,"audioPlay":false,"sceneViewState":{"m_AlwaysRefresh":false,"showFog":true,"showSkybox":false,"showFlares":true,"showImageEffects":true,"showParticleSystems":true,"showVisualEffectGraphs":true,"m_FxEnabled":true},"in2DMode":false,"pivot":{"x":0.14983177185058595,"y":-0.35890382528305056,"z":0.03370968624949455},"rotation":{"x":0.20784446597099305,"y":-0.668826699256897,"z":0.20315949618816377,"w":0.6842496395111084},"size":1.166463851928711,"orthographic":false}