{"cameraMode":{"drawMode":0,"name":"Shaded","section":"Shading Mode"},"sceneLighting":true,"audioPlay":false,"sceneViewState":{"m_AlwaysRefresh":false,"showFog":true,"showSkybox":true,"showFlares":true,"showImageEffects":true,"showParticleSystems":true,"showVisualEffectGraphs":true,"m_FxEnabled":true},"in2DMode":false,"pivot":{"x":0.8086591958999634,"y":0.20273268222808839,"z":0.13829535245895387},"rotation":{"x":0.29219335317611697,"y":-0.46590951085090639,"z":0.16633015871047975,"w":0.8184658288955689},"size":1.0461949110031129,"orthographic":false}