{"cameraMode":{"drawMode":0,"name":"Shaded","section":"Shading Mode"},"sceneLighting":true,"audioPlay":false,"sceneViewState":{"m_AlwaysRefresh":false,"showFog":true,"showSkybox":true,"showFlares":true,"showImageEffects":true,"showParticleSystems":true,"showVisualEffectGraphs":true,"m_FxEnabled":true},"in2DMode":false,"pivot":{"x":3.2099967002868654,"y":-2.639340400695801,"z":4.128745079040527},"rotation":{"x":-0.26784732937812807,"y":-0.06584039330482483,"z":0.018350183963775636,"w":-0.9610345363616943},"size":8.130280494689942,"orthographic":false}