{"cameraMode":{"drawMode":0,"name":"Shaded","section":"Shading Mode"},"sceneLighting":false,"audioPlay":false,"sceneViewState":{"m_AlwaysRefresh":false,"showFog":true,"showSkybox":false,"showFlares":true,"showImageEffects":true,"showParticleSystems":true,"showVisualEffectGraphs":true,"m_FxEnabled":true},"in2DMode":false,"pivot":{"x":-1.1764516830444337,"y":4.493060111999512,"z":6.036135673522949},"rotation":{"x":0.013066614046692849,"y":0.4909971058368683,"z":-0.007365093100816011,"w":0.8710339069366455},"size":5.2246222496032719,"orthographic":false}