{"cameraMode":{"drawMode":0,"name":"Shaded","section":"Shading Mode"},"sceneLighting":false,"audioPlay":false,"sceneViewState":{"m_AlwaysRefresh":false,"showFog":true,"showSkybox":false,"showFlares":true,"showImageEffects":true,"showParticleSystems":true,"showVisualEffectGraphs":true,"m_FxEnabled":true},"in2DMode":false,"pivot":{"x":0.049398064613342288,"y":0.5065196752548218,"z":0.4046447277069092},"rotation":{"x":0.109246626496315,"y":-0.025049900636076928,"z":0.002753946930170059,"w":0.993695855140686},"size":2.5048820972442629,"orthographic":false}