{"cameraMode":{"drawMode":0,"name":"Shaded","section":"Shading Mode"},"sceneLighting":false,"audioPlay":false,"sceneViewState":{"m_AlwaysRefresh":false,"showFog":true,"showSkybox":false,"showFlares":true,"showImageEffects":true,"showParticleSystems":true,"showVisualEffectGraphs":true,"m_FxEnabled":true},"in2DMode":false,"pivot":{"x":-0.03913454711437225,"y":0.09896928071975708,"z":-1.0747358798980713},"rotation":{"x":0.31290915608406069,"y":-0.16554954648017884,"z":0.05548635125160217,"w":0.9335967898368836},"size":0.41929134726524355,"orthographic":false}