{"cameraMode":{"drawMode":0,"name":"Shaded","section":"Shading Mode"},"sceneLighting":true,"audioPlay":false,"sceneViewState":{"m_AlwaysRefresh":false,"showFog":true,"showSkybox":true,"showFlares":true,"showImageEffects":true,"showParticleSystems":true,"showVisualEffectGraphs":true,"m_FxEnabled":true},"in2DMode":false,"pivot":{"x":-0.33111572265625,"y":1.5041935443878174,"z":-4.981890678405762},"rotation":{"x":0.22313518822193147,"y":0.08468294888734818,"z":-0.019464099779725076,"w":0.9709107875823975},"size":3.6401009559631349,"orthographic":false}